資料夾,原檔名,新檔名
1. 註冊與登入,IMG_7110.PNG,表12-1-1 登入頁.PNG
1. 註冊與登入,IMG_7106.PNG,表12-1-2 輸入手機號碼.PNG
1. 註冊與登入,IMG_7109.PNG,表12-1-2 輸入簡訊驗證碼.PNG
1. 註冊與登入,IMG_7108.PNG,表12-1-2 登入既有帳號並綁定.PNG
2. 瀏覽與搜尋書籍,IMG_7112.PNG,表12-2-1 首頁書籍列表.PNG
2. 瀏覽與搜尋書籍,IMG_7114.PNG,表12-2-1 切換列表檢視.PNG
2. 瀏覽與搜尋書籍,IMG_7111.PNG,表12-2-1 選擇排序方式.PNG
2. 瀏覽與搜尋書籍,IMG_7115.PNG,表12-2-2 搜尋結果.PNG
2. 瀏覽與搜尋書籍,IMG_7116.PNG,表12-2-2 搜尋結果列表檢視.PNG
2. 瀏覽與搜尋書籍,IMG_7117.PNG,表12-2-3 篩選生活休閒.PNG
2. 瀏覽與搜尋書籍,IMG_7118.PNG,表12-2-3 篩選考試用書.PNG
2. 瀏覽與搜尋書籍,IMG_7119.PNG,表12-2-3 篩選語言學習.PNG
2. 瀏覽與搜尋書籍,IMG_7120.PNG,表12-2-4 為您推薦與最近瀏覽.PNG
2. 瀏覽與搜尋書籍,IMG_7121.PNG,表12-2-4 商品詳情.PNG
2. 瀏覽與搜尋書籍,IMG_7122.PNG,表12-2-4 書籍資訊與內容簡介.PNG
2. 瀏覽與搜尋書籍,IMG_7123.PNG,表12-2-5 書櫃據點與相似書籍.PNG
2. 瀏覽與搜尋書籍,IMG_7124.PNG,表12-2-5 收藏書籍.PNG
2. 瀏覽與搜尋書籍,IMG_7125.PNG,表12-2-5 分享書籍.PNG
2. 瀏覽與搜尋書籍,IMG_7126.PNG,表12-2-6 聯絡賣家.PNG
2. 瀏覽與搜尋書籍,IMG_7127.PNG,表12-2-6 加入購物車.PNG
2. 瀏覽與搜尋書籍,IMG_7131.PNG,表12-2-7 輸入交易密碼.PNG
2. 瀏覽與搜尋書籍,IMG_7132.PNG,表12-2-7 付款成功.PNG
3. 上架書籍（賣家）,IMG_7135.PNG,表12-3-1 掃描 ISBN 條碼.PNG
3. 上架書籍（賣家）,IMG_7134.PNG,表12-3-1 查詢書籍資料.PNG
3. 上架書籍（賣家）,IMG_7138.PNG,表12-3-1 AI 資料處理說明.PNG
3. 上架書籍（賣家）,IMG_7139.PNG,表12-3-2 AI 分析中.PNG
3. 上架書籍（賣家）,IMG_7140.PNG,表12-3-2 AI 建議書籍資料.PNG
3. 上架書籍（賣家）,IMG_7141.PNG,表12-3-2 帶入書籍資料.PNG
3. 上架書籍（賣家）,IMG_7142.PNG,表12-3-3 上傳書籍照片.PNG
3. 上架書籍（賣家）,IMG_7143.PNG,表12-3-3 AI 分析照片.PNG
3. 上架書籍（賣家）,IMG_7144.PNG,表12-3-3 AI 建議書況與售價.PNG
3. 上架書籍（賣家）,IMG_7145.PNG,表12-3-4 套用書況與售價.PNG
3. 上架書籍（賣家）,IMG_7146.PNG,表12-3-4 確認上架.PNG
3. 上架書籍（賣家）,IMG_7147.PNG,表12-3-4 上架完成.PNG
4. 編輯與下架商品,IMG_7150.PNG,表12-4-1 書籍管理.PNG
4. 編輯與下架商品,IMG_7151.PNG,表12-4-1 依狀態篩選.PNG
4. 編輯與下架商品,IMG_7152.PNG,表12-4-2 編輯書籍.PNG
4. 編輯與下架商品,IMG_7153.PNG,表12-4-2 書籍已更新.PNG
4. 編輯與下架商品,IMG_7154.PNG,表12-4-3 確認取消上架.PNG
4. 編輯與下架商品,IMG_7155.PNG,表12-4-3 已取消上架.PNG
5. 聊天協商、預約與轉帳,IMG_7157.PNG,表12-5-1 輸入訊息.PNG
5. 聊天協商、預約與轉帳,IMG_7158.PNG,表12-5-1 傳送文字訊息.PNG
5. 聊天協商、預約與轉帳,IMG_7172.PNG,表12-5-1 對方輸入中提示.PNG
5. 聊天協商、預約與轉帳,IMG_7156.PNG,表12-5-2 附加功能選單.PNG
5. 聊天協商、預約與轉帳,IMG_7159.PNG,表12-5-2 傳送圖片.PNG
5. 聊天協商、預約與轉帳,IMG_7160.PNG,表12-5-2 傳送語音訊息.PNG
5. 聊天協商、預約與轉帳,IMG_7161.PNG,表12-5-3 傳送快速回覆.PNG
5. 聊天協商、預約與轉帳,IMG_7163.PNG,表12-5-3 送出預約請求.PNG
5. 聊天協商、預約與轉帳,IMG_7164.PNG,表12-5-3 我的預約.PNG
5. 聊天協商、預約與轉帳,IMG_2104.PNG,表12-5-4 收到預約請求.PNG
5. 聊天協商、預約與轉帳,IMG_2106.PNG,表12-5-4 接受預約.PNG
5. 聊天協商、預約與轉帳,IMG_2107.PNG,表12-5-4 已接受預約.PNG
5. 聊天協商、預約與轉帳,IMG_2105.PNG,表12-5-5 婉拒預約.PNG
5. 聊天協商、預約與轉帳,IMG_2108.PNG,表12-5-5 取消預約.PNG
5. 聊天協商、預約與轉帳,IMG_2110.PNG,表12-5-5 書籍售出通知.PNG
5. 聊天協商、預約與轉帳,IMG_7165.PNG,表12-5-6 請款.PNG
5. 聊天協商、預約與轉帳,IMG_7166.PNG,表12-5-6 轉帳.PNG
5. 聊天協商、預約與轉帳,IMG_7167.PNG,表12-5-6 送出請款.PNG
5. 聊天協商、預約與轉帳,IMG_7168.PNG,表12-5-7 輸入交易密碼.PNG
5. 聊天協商、預約與轉帳,IMG_7169.PNG,表12-5-7 轉帳完成.PNG
5. 聊天協商、預約與轉帳,IMG_7170.PNG,表12-5-8 AI 書籍顧問.PNG
5. 聊天協商、預約與轉帳,IMG_7171.PNG,表12-5-8 AI 推薦書籍.PNG
5. 聊天協商、預約與轉帳,IMG_2109.PNG,表12-5-9 傳送聯絡方式前確認.PNG
5. 聊天協商、預約與轉帳,IMG_7173.PNG,表12-5-9 防詐提醒.PNG
5. 聊天協商、預約與轉帳,IMG_7174.PNG,表12-5-9 防詐須知.PNG
6. 加入購物車與結帳,IMG_7175.PNG,表12-6-1 購物車.PNG
6. 加入購物車與結帳,IMG_7176.PNG,表12-6-1 輸入交易密碼.PNG
6. 加入購物車與結帳,IMG_7178.PNG,表12-6-2 付款成功.PNG
6. 加入購物車與結帳,IMG_7179.PNG,表12-6-2 訂單紀錄.PNG
7. 智慧書櫃存書與取書,（App 截圖工具產生：s_cab_scan）,表12-7-1 掃描書櫃 QR Code.PNG
7. 智慧書櫃存書與取書,（App 截圖工具產生：s_cab_select）,表12-7-1 確認存書項目.PNG
7. 智慧書櫃存書與取書,（App 截圖工具產生：s_cab_match）,表12-7-1 輸入書櫃螢幕數字.PNG
7. 智慧書櫃存書與取書,（App 截圖工具產生：s_cab_open）,表12-7-2 櫃門已開啟.PNG
7. 智慧書櫃存書與取書,（App 截圖工具產生：s_cab_done）,表12-7-2 存書完成.PNG
7. 智慧書櫃存書與取書,（App 截圖工具產生：b_pickup_scan）,表12-7-3 掃描書櫃取書.PNG
7. 智慧書櫃存書與取書,（App 截圖工具產生：b_cab_select）,表12-7-3 確認取書項目.PNG
7. 智慧書櫃存書與取書,（App 截圖工具產生：b_cab_match）,表12-7-3 輸入書櫃螢幕數字.PNG
7. 智慧書櫃存書與取書,（App 截圖工具產生：b_pickup_open）,表12-7-4 櫃門已開啟.PNG
7. 智慧書櫃存書與取書,（App 截圖工具產生：b_pickup_done）,表12-7-4 取書完成.PNG
8. 前往書櫃（交通資訊）,IMG_7180.PNG,表12-8-1 訂單取書資訊.PNG
8. 前往書櫃（交通資訊）,IMG_7181.PNG,表12-8-1 捷運與票價.PNG
8. 前往書櫃（交通資訊）,IMG_7182.PNG,表12-8-1 導航至書櫃.PNG
8. 前往書櫃（交通資訊）,IMG_7183.PNG,表12-8-2 複製地址.PNG
8. 前往書櫃（交通資訊）,IMG_7184.PNG,表12-8-2 公車到站資訊.PNG
8. 前往書櫃（交通資訊）,IMG_7185.PNG,表12-8-2 YouBike 與開車資訊.PNG
9. 訂單爭議,IMG_7186.PNG,表12-9-1 訂單詳情.PNG
9. 訂單爭議,IMG_7188.PNG,表12-9-1 填寫爭議說明.PNG
9. 訂單爭議,IMG_7189.PNG,表12-9-1 送出爭議申請.PNG
9. 訂單爭議,IMG_7190.PNG,表12-9-2 爭議處理中.PNG
9. 訂單爭議,IMG_7191.PNG,表12-9-2 裁決結果通知.PNG
10. 錢包與會員等級,IMG_7192.PNG,表12-10-1 代幣中心.PNG
10. 錢包與會員等級,IMG_7193.PNG,表12-10-1 待撥款項.PNG
10. 錢包與會員等級,IMG_7194.PNG,表12-10-1 會員等級.PNG
11. 客服與常見問題,IMG_7198.PNG,表12-11-1 客服中心.PNG
11. 客服與常見問題,IMG_7202.PNG,表12-11-1 AI 客服.PNG
11. 客服與常見問題,IMG_7203.PNG,表12-11-2 轉接客服人員.PNG
11. 客服與常見問題,IMG_7204.PNG,表12-11-2 補充說明.PNG
11. 客服與常見問題,IMG_7205.PNG,表12-11-2 客服人員回覆.PNG
12. 通行密鑰與生物辨識設定,IMG_2128.PNG,表12-12-1 帳號安全.PNG
12. 通行密鑰與生物辨識設定,IMG_2129.PNG,表12-12-1 驗證身分.PNG
12. 通行密鑰與生物辨識設定,IMG_2130.PNG,表12-12-1 儲存通行密鑰.PNG
12. 通行密鑰與生物辨識設定,IMG_2131.PNG,表12-12-2 已新增通行密鑰.PNG
12. 通行密鑰與生物辨識設定,IMG_2132.PNG,表12-12-2 通行密鑰清單.PNG
12. 通行密鑰與生物辨識設定,IMG_2133.PNG,表12-12-2 以通行密鑰登入.PNG
12. 通行密鑰與生物辨識設定,IMG_2134.PNG,表12-12-3 Face ID 登入與付款.PNG
13. 帳號安全與交易密碼,IMG_3946.PNG,表12-13-1 會員中心.PNG
13. 帳號安全與交易密碼,IMG_3947.PNG,表12-13-1 帳號安全.PNG
13. 帳號安全與交易密碼,IMG_3949.PNG,表12-13-1 驗證登入密碼.PNG
13. 帳號安全與交易密碼,IMG_3950.PNG,表12-13-2 設定 6 位數交易密碼.PNG
13. 帳號安全與交易密碼,IMG_3951.PNG,表12-13-2 再次輸入確認.PNG
13. 帳號安全與交易密碼,IMG_3953.PNG,表12-13-2 交易密碼已設定.PNG
13. 帳號安全與交易密碼,IMG_7128.PNG,表12-13-3 提示先設定交易密碼.PNG
13. 帳號安全與交易密碼,IMG_7129.PNG,表12-13-3 驗證身分.PNG
13. 帳號安全與交易密碼,IMG_7130.PNG,表12-13-3 設定交易密碼.PNG
13. 帳號安全與交易密碼,IMG_3963.PNG,表12-13-4 交易密碼錯誤.PNG
13. 帳號安全與交易密碼,IMG_3966.PNG,表12-13-4 剩餘 1 次嘗試.PNG
13. 帳號安全與交易密碼,IMG_3967.PNG,表12-13-4 暫時鎖定.PNG
13. 帳號安全與交易密碼,IMG_3954.PNG,表12-13-5 登入裝置.PNG
14. 社群帳號綁定與解除,IMG_3955.PNG,表12-14-1 會員中心.PNG
14. 社群帳號綁定與解除,IMG_3956.PNG,表12-14-1 帳號安全.PNG
14. 社群帳號綁定與解除,IMG_3957.PNG,表12-14-1 登入方式.PNG
14. 社群帳號綁定與解除,IMG_3958.PNG,表12-14-2 已綁定之登入方式.PNG
14. 社群帳號綁定與解除,IMG_3959.PNG,表12-14-2 請先設定密碼.PNG
15. 通知偏好設定,IMG_3936.PNG,表12-15-1 偏好與通知設定.PNG
15. 通知偏好設定,IMG_3937.PNG,表12-15-1 通知類別開關.PNG
15. 通知偏好設定,IMG_3939.PNG,表12-15-1 傳送測試通知.PNG
15. 通知偏好設定,IMG_3941.PNG,表12-15-2 收到測試通知.PNG
15. 通知偏好設定,IMG_3942.PNG,表12-15-2 通知中心.PNG
16. 會員等級查看,IMG_3928.PNG,表12-16-1 會員中心.PNG
16. 會員等級查看,IMG_3929.PNG,表12-16-1 新手書友.PNG
16. 會員等級查看,IMG_3930.PNG,表12-16-1 活躍書友.PNG
16. 會員等級查看,IMG_3931.PNG,表12-16-2 資深書友.PNG
16. 會員等級查看,IMG_3935.PNG,表12-16-2 菁英書友.PNG
16. 會員等級查看,IMG_3932.PNG,表12-16-3 管理後台.PNG
16. 會員等級查看,IMG_3933.PNG,表12-16-3 會員等級管理.PNG
17. 帳號資料匯出與刪除,IMG_3917.PNG,表12-17-1 設定.PNG
17. 帳號資料匯出與刪除,IMG_3918.PNG,表12-17-1 帳號管理入口.PNG
17. 帳號資料匯出與刪除,IMG_3919.PNG,表12-17-1 帳號管理.PNG
17. 帳號資料匯出與刪除,IMG_3920.PNG,表12-17-2 驗證身分.PNG
17. 帳號資料匯出與刪除,IMG_3921.PNG,表12-17-2 儲存匯出檔案.PNG
17. 帳號資料匯出與刪除,IMG_3922.PNG,表12-17-3 刪除帳號說明.PNG
17. 帳號資料匯出與刪除,IMG_3923.PNG,表12-17-3 確認身分.PNG
17. 帳號資料匯出與刪除,IMG_3924.PNG,表12-17-3 待刪除期間.PNG
17. 帳號資料匯出與刪除,IMG_3927.PNG,表12-17-4 尚有書籍存放於書櫃.PNG
18. 後台管理入口導覽,18-1/IMG_3867.PNG,18-1/表12-18-1 會員中心.PNG
18. 後台管理入口導覽,18-1/IMG_3868.PNG,18-1/表12-18-1 管理後台.PNG
18. 後台管理入口導覽,IMG_3905.PNG,表12-18-2 交易與商品管理.PNG
18. 後台管理入口導覽,IMG_3907.PNG,表12-18-2 硬體與營運、系統維運.PNG
18. 後台管理入口導覽,IMG_3906.PNG,表12-18-2 內容審核.PNG
18. 後台管理入口導覽,IMG_3908.PNG,表12-18-3 管理操作紀錄.PNG
18. 後台管理入口導覽,IMG_3909.PNG,表12-18-3 依類別篩選.PNG
18. 後台管理入口導覽,IMG_3910.PNG,表12-18-3 還原此操作.PNG
18. 後台管理入口導覽,IMG_3911.PNG,表12-18-4 驗證身分.PNG
18. 後台管理入口導覽,IMG_3912.PNG,表12-18-4 已還原.PNG
18. 後台管理入口導覽,IMG_3913.PNG,表12-18-5 存書列表.PNG
18. 後台管理入口導覽,IMG_3914.PNG,表12-18-5 逾期篩選.PNG
18. 後台管理入口導覽,IMG_3915.PNG,表12-18-6 登記取出.PNG
18. 後台管理入口導覽,IMG_3916.PNG,表12-18-6 已登記取出.PNG
19. 書櫃裝置與櫃門管理（管理員）,IMG_3883.PNG,表12-19-1 管理後台.PNG
19. 書櫃裝置與櫃門管理（管理員）,IMG_3884.PNG,表12-19-1 書櫃監控.PNG
19. 書櫃裝置與櫃門管理（管理員）,IMG_3885.PNG,表12-19-1 書櫃裝置.PNG
19. 書櫃裝置與櫃門管理（管理員）,IMG_3887.PNG,表12-19-2 驗證身分.PNG
19. 書櫃裝置與櫃門管理（管理員）,IMG_3889.PNG,表12-19-2 輸入配對碼.PNG
19. 書櫃裝置與櫃門管理（管理員）,IMG_3890.PNG,表12-19-2 等待裝置連線.PNG
19. 書櫃裝置與櫃門管理（管理員）,IMG_3892.PNG,表12-19-3 完成配對.PNG
19. 書櫃裝置與櫃門管理（管理員）,IMG_3893.PNG,表12-19-3 裝置連線中.PNG
19. 書櫃裝置與櫃門管理（管理員）,IMG_3894.PNG,表12-19-4 櫃門選單.PNG
19. 書櫃裝置與櫃門管理（管理員）,IMG_3904.PNG,表12-19-4 輸入開啟原因.PNG
19. 書櫃裝置與櫃門管理（管理員）,IMG_3897.PNG,表12-19-4 輸入書櫃螢幕數字.PNG
19. 書櫃裝置與櫃門管理（管理員）,IMG_3898.PNG,表12-19-5 櫃門已開啟.PNG
19. 書櫃裝置與櫃門管理（管理員）,IMG_3899.PNG,表12-19-5 待確認存放內容.PNG
19. 書櫃裝置與櫃門管理（管理員）,IMG_3900.PNG,表12-19-5 櫃門選單.PNG
19. 書櫃裝置與櫃門管理（管理員）,IMG_3902.PNG,表12-19-6 填寫處理說明.PNG
19. 書櫃裝置與櫃門管理（管理員）,IMG_3903.PNG,表12-19-6 已確認存放內容.PNG
19. 書櫃裝置與櫃門管理（管理員）,IMG_2112.PNG,表12-19-7 書櫃離線.PNG
19. 書櫃裝置與櫃門管理（管理員）,IMG_2117.PNG,表12-19-7 待確認手動回報.PNG
19. 書櫃裝置與櫃門管理（管理員）,IMG_2118.PNG,表12-19-7 駁回回報.PNG
19. 書櫃裝置與櫃門管理（管理員）,IMG_2119.PNG,表12-19-8 已駁回回報.PNG
19. 書櫃裝置與櫃門管理（管理員）,IMG_2120.PNG,表12-19-8 選擇實際存放櫃門.PNG
19. 書櫃裝置與櫃門管理（管理員）,IMG_2121.PNG,表12-19-8 確認回報.PNG
19. 書櫃裝置與櫃門管理（管理員）,IMG_2122.PNG,表12-19-9 已確認手動回報.PNG
19. 書櫃裝置與櫃門管理（管理員）,IMG_2123.PNG,表12-19-9 最近作業.PNG
19. 書櫃裝置與櫃門管理（管理員）,IMG_2124.PNG,表12-19-9 事件紀錄.PNG
19. 書櫃裝置與櫃門管理（管理員）,IMG_2125.PNG,表12-19-10 書櫃裝置.PNG
19. 書櫃裝置與櫃門管理（管理員）,IMG_2126.PNG,表12-19-10 撤銷裝置.PNG
19. 書櫃裝置與櫃門管理（管理員）,IMG_2127.PNG,表12-19-10 已撤銷裝置.PNG
20. 智慧書櫃據點設定（管理員）,IMG_3869.PNG,表12-20-1 管理後台.PNG
20. 智慧書櫃據點設定（管理員）,IMG_3870.PNG,表12-20-1 書櫃監控.PNG
20. 智慧書櫃據點設定（管理員）,IMG_3871.PNG,表12-20-1 新增書櫃.PNG
20. 智慧書櫃據點設定（管理員）,IMG_3872.PNG,表12-20-2 使用目前位置.PNG
20. 智慧書櫃據點設定（管理員）,IMG_3873.PNG,表12-20-2 附近交通預覽.PNG
20. 智慧書櫃據點設定（管理員）,IMG_3875.PNG,表12-20-2 書櫃建立完成.PNG
20. 智慧書櫃據點設定（管理員）,IMG_3877.PNG,表12-20-3 修改書櫃.PNG
20. 智慧書櫃據點設定（管理員）,IMG_3878.PNG,表12-20-3 書櫃已更新.PNG
20. 智慧書櫃據點設定（管理員）,IMG_3881.PNG,表12-20-4 管理後台.PNG
20. 智慧書櫃據點設定（管理員）,IMG_3882.PNG,表12-20-4 管理操作紀錄.PNG
