"Reference","Qty","Value","DNP","Exclude from BOM","Exclude from Board","Footprint","Datasheet"
"C1","1","1000uF 25V","","","","Capacitor_THT:CP_Radial_D10.0mm_P5.00mm",""
"C2","1","470uF 10V","","","","Capacitor_THT:CP_Radial_D8.0mm_P3.50mm",""
"C3","1","0.33uF","","","","Capacitor_SMD:C_0805_2012Metric",""
"C4","1","0.1uF","","","","Capacitor_SMD:C_0805_2012Metric",""
"D1,D2,D3,D4,D5,D6,D7,D8","8","M7 (1N4007)","","","","Diode_SMD:D_SMA","http://www.vishay.com/docs/88503/1n4001.pdf"
"D9,D10,D11,D12","4","LED","","","","LED_SMD:LED_0805_2012Metric",""
"J1","1","Lock_A01 12V 0.6A","","","","TerminalBlock_Phoenix:TerminalBlock_Phoenix_MKDS-1,5-2-5.08_1x02_P5.08mm_Horizontal",""
"J2","1","Lock_A02 12V 0.6A","","","","TerminalBlock_Phoenix:TerminalBlock_Phoenix_MKDS-1,5-2-5.08_1x02_P5.08mm_Horizontal",""
"J3","1","Lock_A03 12V 0.6A","","","","TerminalBlock_Phoenix:TerminalBlock_Phoenix_MKDS-1,5-2-5.08_1x02_P5.08mm_Horizontal",""
"J4","1","Lock_A04 12V 0.6A","","","","TerminalBlock_Phoenix:TerminalBlock_Phoenix_MKDS-1,5-2-5.08_1x02_P5.08mm_Horizontal",""
"J5","1","12V DC IN (5.5x2.1)","","","","Connector_BarrelJack:BarrelJack_CUI_PJ-063AH_Horizontal",""
"J6","1","TFT_2.8in_ST7789","","","","Connector_PinHeader_2.54mm:PinHeader_1x08_P2.54mm_Vertical",""
"J7","1","DOOR_A01","","","","Connector_PinHeader_2.54mm:PinHeader_1x03_P2.54mm_Vertical",""
"J8","1","DOOR_A02","","","","Connector_PinHeader_2.54mm:PinHeader_1x03_P2.54mm_Vertical",""
"J9","1","DOOR_A03","","","","Connector_PinHeader_2.54mm:PinHeader_1x03_P2.54mm_Vertical",""
"J10","1","DOOR_A04","","","","Connector_PinHeader_2.54mm:PinHeader_1x03_P2.54mm_Vertical",""
"JP1","1","JD-VCC","","","","Connector_PinHeader_2.54mm:PinHeader_1x02_P2.54mm_Vertical",""
"K1,K2,K3,K4","4","JQC3F-05VDC-C","","","","Relay_THT:Relay_SPDT_SANYOU_SRD_Series_Form_C","http://www.sanyourelay.ca/public/products/pdf/SRD.pdf"
"Q1,Q2,Q3,Q4","4","S8050 (J3Y)","","","","Package_TO_SOT_SMD:SOT-23","http://www.secosgmbh.com/datasheet/products/SSMPTransistor/SOT-23/SS8050.pdf"
"R1,R2,R3,R4,R5,R6,R7,R8","8","1k","","","","Resistor_SMD:R_0805_2012Metric",""
"U1","1","ESP32-S3-DevKitC-1 (N16R8)","","","","DoorLock:ESP32-S3-DevKitC-1_Socket",""
"U4","1","L7805","","","","Package_TO_SOT_THT:TO-220-3_Vertical","http://www.st.com/content/ccc/resource/technical/document/datasheet/41/4f/b3/b0/12/d4/47/88/CD00000444.pdf/files/CD00000444.pdf/jcr:content/translations/en.CD00000444.pdf"
"U5,U6,U7,U8","4","PC815","","","","Package_DIP:DIP-4_W7.62mm","http://www.soselectronic.cz/a_info/resource/d/pc817.pdf"
